x,total_energy_ry,hmix_ry_per_atom,hmix_ev_per_atom,hmix_mev_per_atom,hmix_ev_per_formula_unit
0.125,-6212.17689898,0.0029194255,0.039721,39.721,0.079442
0.25,-5634.99155838,0.0047491781,0.064616,64.616,0.129232
0.375,-5057.77759277,0.0070261966,0.095596,95.596,0.191193
0.5,-4480.66132264,0.0077767231,0.105808,105.808,0.211615
0.625,-3903.57203596,0.0081056333,0.110283,110.283,0.220566
0.75,-3326.55831569,0.0072538183,0.098693,98.693,0.197386
0.875,-2749.59994982,0.0055370908,0.075336,75.336,0.150672
