x,total_energy_ry,atoms
0.125,-6212.17689898,64
0.25,-5634.99155838,64
0.375,-5057.77759277,64
0.5,-4480.66132264,64
0.625,-3903.57203596,64
0.75,-3326.55831569,64
0.875,-2749.59994982,64
