a_angstrom,E_Ry
8.353125,-6212.03663525
8.4375,-6212.17118292
8.45859375,-6212.17286108
8.4796875,-6212.16576319
