a_angstrom,E_Ry
8.184825,-3903.43317151
8.350175,-3903.53281616
8.3915125,-3903.46783317
