AntalNodes, E_Ry, time CPU, Time Wall, percentage time faster CPU compared to Node1
1,-67.90339436,1m 5.65s,1m15.71s,0%
2,-67.90339436,51.82s,59.8s,26.68853724430724%
3,-67.90339436,1m 7.27s,1m14.30s,-2.40820573807045%
4,-67.90339436,1m15.42s,1m25.83s,-12.954123574648634%
