a_angstrom,E_Ry
8.15,-3326.44771658
8.30725,-3326.51727740
8.3895,-3326.36706170
