a_angstrom,E_Ry
8.31105,-5634.84924704
8.395,-5634.99155838
8.4159875,-5634.99490263
8.436975,-5634.98852793

