X_value,E_Ry
0.125,-6212.17336791
0.25,-5634.99506588
0.375,-5057.78205132
0.5,-4480.66519503
0.625,-3903.57523199
0.75,-3326.56042233
0.875,-2749.60163935
