a_angstrom,E_Ry
8.1415875,-2749.56583919
8.1825,-2749.59994982
8.2234125,-2749.59279974
8.264325,-2749.55281486
