T,xa,xb,spinodal_xa,spinodal_xb
300,[0],[1],[0.1102204408817635],[0.9939879759519036]
400,[0],[1],[0.1162324649298597],[0.9919839679358716]
500,[0],[1],[0.1222444889779559],[0.9899799599198396]
6060,[0.1322645290581162],[0.9639278557114228],[0.3186372745490982],[0.8517034068136272]
8000,[0.2344689378757515],[0.9038076152304608],[0.3847695390781562],[0.7935871743486973]
10000,[0.3827655310621242],[0.7875751503006011],[0.4729458917835671],[0.7114228456913827]
100000,[nan],[nan],[nan],[nan]
