T,xa,xb,spinodal_xa,spinodal_xb
300,[0],[1],[0],[0]
400,[0],[1],[0],[0]
500,[0],[1],[0],[0]
6060,[np.float64(0.1322645290581162)],[np.float64(0.9639278557114228)],[np.float64(0.3186372745490982)],[np.float64(0.8517034068136272)]
8000,"[0, np.float64(0.2344689378757515)]","[1, np.float64(0.9038076152304608)]","[0, np.float64(0.3847695390781562)]","[0, np.float64(0.7935871743486973)]"
10000,"[0, np.float64(0.3827655310621242)]","[1, np.float64(0.7875751503006011)]","[0, np.float64(0.4729458917835671)]","[0, np.float64(0.7114228456913827)]"
