Index,deltaH,deltaS,deltaG_T0,deltaG_T1,deltaG_T2,deltaG_T3
0.0,0.0,0.0,0.0,0.0,0.0,0.0
0.25,0.1265625042511688,2.4229053208618285e-05,0.1253510515907379,0.122928146269876,0.1205052409490142,0.1180823356281524
0.5,0.2000000041257121,2.9865285995196085e-05,0.1985067398259523,0.1955202112264326,0.192533682626913,0.18954715402739347
0.75,0.1640625063407154,2.4229053208618285e-05,0.1628510536802845,0.1604281483594226,0.1580052430385608,0.155582337717699
1.0,0.0,0.0,0.0,0.0,0.0,0.0
