Index,H
,0.0
,0.12656250425116883
,0.20000000412571217
,0.16406250634071545
,0.0
