a_angstrom,E_Ry
8.2269,-4480.52131642
8.31,-4480.66132264
8.35155,-4480.66021112
8.3931,-4480.62412749
