a_angstrom,E_Ry
8.268975,-5057.63214385
8.3525,-5057.77759277
8.3942625,-5057.77707899
8.436025,-5057.73977342
